-- INSERT CLIENTES
INSERT INTO Clientes (idCliente, nombre, apellido, correo, telefono, dni) VALUES
  (1, 'Pedro', 'Mendoza', 'pedro.mendoza@gmail.com', '932493528', '84078685'),
  (2, 'Julia', 'Sanchez', 'julia.sanchez@gmail.com', '914784453', '17815677'),
  (3, 'Renata', 'Torres', 'renata.torres@gmail.com', '990427403', '49263827'),
  (4, 'Natalia', 'Pena', 'natalia.pena@gmail.com', '970566115', '89751498'),
  (5, 'Gustavo', 'Vargas', 'gustavo.vargas@gmail.com', '909990776', '95436378'),
  (6, 'Renata', 'Huaman', 'renata.huaman@gmail.com', '998504569', '16062370'),
  (7, 'Diego', 'Reyes', 'diego.reyes@gmail.com', '970944684', '45573886'),
  (8, 'Hector', 'Cardenas', 'hector.cardenas@gmail.com', '914929870', '44168640'),
  (9, 'Lucia', 'Iglesias', 'lucia.iglesias@gmail.com', '985934639', '72817237'),
  (10, 'Andres', 'Soto', 'andres.soto@gmail.com', '977706086', '73032743'),
  (11, 'Karina', 'Bravo', 'karina.bravo@gmail.com', '998455947', '71100186'),
  (12, 'Jorge', 'Soto', 'jorge.soto@gmail.com', '998814286', '55873924'),
  (13, 'Alberto', 'Salazar', 'alberto.salazar@gmail.com', '928207103', '71870009'),
  (14, 'Fernando', 'Quispe', 'fernando.quispe@gmail.com', '975557209', '45390238'),
  (15, 'oscar', 'Suarez', 'oscar.suarez@gmail.com', '982561953', '80754541'),
  (16, 'Pedro', 'Herrera', 'pedro.herrera@gmail.com', '986199830', '35865000'),
  (17, 'Jimena', 'Pena', 'jimena.pena@gmail.com', '994959528', '78830429'),
  (18, 'Karina', 'Gutierrez', 'karina.gutierrez@gmail.com', '994432788', '27822413'),
  (19, 'Fernando', 'Silva', 'fernando.silva@gmail.com', '982338888', '14587874'),
  (20, 'Gabriela', 'Suarez', 'gabriela.suarez@gmail.com', '921105164', '63754141'),
  (21, 'Natalia', 'Huaman', 'natalia2.huaman@gmail.com', '956027689', '44129347'),
  (22, 'Pedro', 'Navarro', 'pedro.navarro@gmail.com', '972853737', '62874479'),
  (23, 'Pablo', 'Valencia', 'pablo.valencia@gmail.com', '916318920', '13404942'),
  (24, 'Camila', 'Sanchez', 'camila.sanchez@gmail.com', '973533841', '70784407'),
  (25, 'Fernando', 'Rojas', 'fernando.rojas@gmail.com', '957988575', '73589141'),
  (26, 'Miguel', 'Vargas', 'miguel.vargas@gmail.com', '926837071', '20138828'),
  (27, 'Julia', 'Huaman', 'julia.huaman@gmail.com', '984785077', '85634078'),
  (28, 'Fernando', 'Castro', 'fernando.castro@gmail.com', '958147400', '70061034'),
  (29, 'Veronica', 'Torres', 'veronica.torres@gmail.com', '904690757', '17762773'),
  (30, 'Maria', 'Silva', 'maria.silva@gmail.com', '976749680', '78891133'),
  (31, 'Lucia', 'Ramirez', 'lucia.ramirez@gmail.com', '978420396', '83459170'),
  (32, 'Hugo', 'Quispe', 'hugo.quispe@gmail.com', '960451331', '98129977'),
  (33, 'Monica', 'Campos', 'monica.campos@gmail.com', '919984239', '48257319'),
  (34, 'Ana', 'Salazar', 'ana.salazar@gmail.com', '974981848', '38801361'),
  (35, 'Valentina', 'Lopez', 'valentina.lopez@gmail.com', '921955523', '29724447'),
  (36, 'Valentina', 'Castro', 'valentina.castro@gmail.com', '996579173', '09966758'),
  (37, 'Jorge', 'Cardenas', 'jorge.cardenas@gmail.com', '951064925', '02227506'),
  (38, 'Diana', 'Gonzalez', 'diana.gonzalez@gmail.com', '932919824', '81090748'),
  (39, 'Maria', 'Pena', 'maria.pena@gmail.com', '916233719', '77050141'),
  (40, 'Alfonso', 'Medina', 'alfonso.medina@gmail.com', '942990955', '33503075'),
  (41, 'Jimena', 'Cruz', 'jimena.cruz@gmail.com', '979963851', '06619532'),
  (42, 'oscar', 'Medina', 'oscar.medina@gmail.com', '916244168', '87235862'),
  (43, 'Lidia', 'Ramos', 'lidia.ramos@gmail.com', '961335260', '15637455'),
  (44, 'Luis', 'Ortega', 'luis.ortega@gmail.com', '929121281', '49429084'),
  (45, 'Lucia', 'Diaz', 'lucia.diaz@gmail.com', '967239830', '78987623'),
  (46, 'Jose', 'Castro', 'jose.castro@gmail.com', '992742148', '34744231'),
  (47, 'Miguel', 'Medina', 'miguel.medina@gmail.com', '929552820', '58162402'),
  (48, 'Francisco', 'Sandoval', 'francisco.sandoval@gmail.com', '935656171', '17997868'),
  (49, 'Pablo', 'Mendoza', 'pablo.mendoza@gmail.com', '953674019', '57913030'),
  (50, 'Raul', 'Valdez', 'raul.valdez@gmail.com', '943341239', '52849516');
GO

-- INSERT HOTELES
INSERT INTO Hoteles (idHotel, nombre, direccion) VALUES
  (1, 'Hotel Miraflores', 'Av. Larco 123, Lima'),
  (2, 'Hotel El Sol', 'Jr. Arequipa 456, Cusco'),
  (3, 'Hotel Paracas Bay', 'Malecon 789, Paracas'),
  (4, 'Hotel Amazonas', 'Av. Peru 321, Iquitos'),
  (5, 'Hotel Los Andes', 'Calle Real 555, Huancayo'),
  (6, 'Hotel Pacifico', 'Av. La Marina 101, Lima'),
  (7, 'Hotel Colonial', 'Jr. Lima 303, Arequipa'),
  (8, 'Hotel del Lago', 'Laguna 888, Puno'),
  (9, 'Hotel Norte', 'Panamericana 777, Piura'),
  (10, 'Hotel Sierra Azul', 'Carretera Central km 110, Huaraz');
GO

-- INSERT RESERVAS
INSERT INTO Reservas (idReserva, fechaInicio, fechaFin, cantidadPersonas, idCliente, idHotel) VALUES
  (1, '2024-12-18', '2024-12-19', 2, 2, 3),
  (2, '2025-02-10', '2025-02-14', 3, 5, 2),
  (3, '2024-08-20', '2024-08-22', 4, 3, 10),
  (4, '2024-07-09', '2024-07-13', 3, 32, 1),
  (5, '2024-04-23', '2024-04-24', 4, 2, 1),
  (6, '2024-05-30', '2024-05-31', 4, 44, 6),
  (7, '2024-12-06', '2024-12-09', 3, 8, 2),
  (8, '2024-09-16', '2024-09-17', 4, 48, 10),
  (9, '2025-02-28', '2025-03-05', 1, 35, 1),
  (10, '2024-07-27', '2024-07-31', 4, 3, 4),
  (11, '2024-04-07', '2024-04-09', 3, 28, 3),
  (12, '2024-10-07', '2024-10-08', 3, 1, 1),
  (13, '2024-11-15', '2024-11-19', 2, 2, 1),
  (14, '2024-03-27', '2024-03-28', 3, 19, 5),
  (15, '2024-05-25', '2024-05-26', 4, 28, 8),
  (16, '2024-09-08', '2024-09-09', 4, 45, 2),
  (17, '2024-12-15', '2024-12-20', 3, 1, 9),
  (18, '2024-11-22', '2024-11-24', 3, 2, 1),
  (19, '2024-11-14', '2024-11-19', 1, 1, 8),
  (20, '2024-08-24', '2024-08-26', 1, 1, 2),
  (21, '2025-03-19', '2025-03-21', 1, 1, 1),
  (22, '2024-05-11', '2024-05-16', 3, 4, 5),
  (23, '2024-01-22', '2024-01-25', 1, 1, 6),
  (24, '2024-05-08', '2024-05-10', 1, 46, 9),
  (25, '2024-11-26', '2024-11-29', 2, 44, 3),
  (26, '2025-03-04', '2025-03-09', 3, 3, 7),
  (27, '2025-02-21', '2025-02-22', 2, 3, 5),
  (28, '2025-01-09', '2025-01-13', 2, 35, 3),
  (29, '2024-01-04', '2024-01-05', 2, 22, 8),
  (30, '2024-06-05', '2024-06-09', 1, 2, 1),
  (31, '2024-04-19', '2024-04-23', 3, 5, 1),
  (32, '2025-02-18', '2025-02-22', 3, 18, 8),
  (33, '2024-05-27', '2024-05-31', 1, 23, 7),
  (34, '2024-12-20', '2024-12-22', 1, 13, 3),
  (35, '2025-02-17', '2025-02-19', 2, 5, 6),
  (36, '2025-03-09', '2025-03-13', 2, 1, 3),
  (37, '2024-11-09', '2024-11-12', 2, 22, 1),
  (38, '2024-11-09', '2024-11-13', 1, 3, 1),
  (39, '2024-06-21', '2024-06-25', 4, 3, 6),
  (40, '2024-01-25', '2024-01-26', 4, 48, 4),
  (41, '2024-10-28', '2024-10-29', 2, 2, 6),
  (42, '2024-06-15', '2024-06-16', 2, 3, 1),
  (43, '2024-02-11', '2024-02-13', 3, 47, 4),
  (44, '2024-07-13', '2024-07-15', 3, 3, 4),
  (45, '2024-06-21', '2024-06-22', 1, 20, 1),
  (46, '2024-09-22', '2024-09-24', 4, 10, 5),
  (47, '2025-02-22', '2025-02-24', 4, 39, 3),
  (48, '2024-01-19', '2024-01-20', 1, 2, 1),
  (49, '2025-03-02', '2025-03-05', 3, 41, 2),
  (50, '2024-08-16', '2024-08-21', 2, 1, 1),
  (51, '2024-06-15', '2024-06-20', 4, 1, 2),
  (52, '2024-05-19', '2024-05-21', 1, 31, 7),
  (53, '2025-03-04', '2025-03-09', 4, 30, 4),
  (54, '2024-06-11', '2024-06-15', 3, 27, 8),
  (55, '2024-01-18', '2024-01-21', 2, 1, 2),
  (56, '2024-04-10', '2024-04-13', 4, 3, 2),
  (57, '2024-12-16', '2024-12-18', 1, 9, 2),
  (58, '2024-09-24', '2024-09-28', 2, 21, 2),
  (59, '2024-10-25', '2024-10-29', 1, 42, 8),
  (60, '2024-12-17', '2024-12-18', 2, 47, 4),
  (61, '2024-06-12', '2024-06-13', 1, 37, 6),
  (62, '2025-03-20', '2025-03-22', 2, 1, 1),
  (63, '2024-03-30', '2024-04-01', 4, 48, 5),
  (64, '2024-12-09', '2024-12-11', 2, 2, 2),
  (65, '2024-07-07', '2024-07-10', 2, 14, 3),
  (66, '2024-06-21', '2024-06-25', 1, 4, 3),
  (67, '2024-04-12', '2024-04-15', 3, 50, 10),
  (68, '2024-09-27', '2024-09-29', 1, 40, 1),
  (69, '2024-12-03', '2024-12-08', 1, 1, 2),
  (70, '2024-03-29', '2024-04-02', 4, 2, 4),
  (71, '2025-02-08', '2025-02-11', 3, 2, 4),
  (72, '2024-07-07', '2024-07-08', 1, 41, 2),
  (73, '2024-09-24', '2024-09-28', 3, 39, 2),
  (74, '2024-09-14', '2024-09-19', 3, 3, 2),
  (75, '2025-02-14', '2025-02-18', 2, 16, 5),
  (76, '2024-05-26', '2024-05-27', 2, 3, 1),
  (77, '2024-03-04', '2024-03-08', 1, 2, 2),
  (78, '2024-11-18', '2024-11-19', 3, 10, 2),
  (79, '2024-10-11', '2024-10-15', 2, 2, 6),
  (80, '2024-04-20', '2024-04-25', 3, 3, 1),
  (81, '2025-01-22', '2025-01-24', 2, 1, 1),
  (82, '2024-04-12', '2024-04-15', 1, 28, 5),
  (83, '2024-04-04', '2024-04-09', 2, 45, 3),
  (84, '2024-05-04', '2024-05-06', 2, 3, 7),
  (85, '2024-10-07', '2024-10-12', 1, 39, 5),
  (86, '2024-09-08', '2024-09-11', 4, 2, 3),
  (87, '2024-08-04', '2024-08-06', 1, 31, 6),
  (88, '2024-12-22', '2024-12-23', 1, 2, 6),
  (89, '2024-11-05', '2024-11-08', 4, 2, 1),
  (90, '2024-08-16', '2024-08-18', 1, 2, 1),
  (91, '2024-11-10', '2024-11-14', 4, 1, 4),
  (92, '2025-02-05', '2025-02-06', 1, 23, 1),
  (93, '2024-01-26', '2024-01-30', 4, 5, 10),
  (94, '2025-02-14', '2025-02-17', 3, 2, 5),
  (95, '2024-10-15', '2024-10-20', 2, 13, 6),
  (96, '2024-01-24', '2024-01-28', 4, 2, 1),
  (97, '2024-10-06', '2024-10-11', 3, 23, 5),
  (98, '2024-08-03', '2024-08-05', 3, 1, 6),
  (99, '2025-02-15', '2025-02-19', 1, 1, 2),
  (100, '2024-10-30', '2024-11-04', 2, 1, 3);
GO

-- INSERT PAGOS
INSERT INTO Pagos (idPago, fechaPago, monto, idReserva) VALUES
  (1, '2024-12-18', 544.00, 1),
  (2, '2025-02-10', 3132.00, 2),
  (3, '2024-08-20', 2072.00, 3),
  (4, '2024-07-09', 2700.00, 4),
  (5, '2024-04-23', 740.00, 5),
  (6, '2024-05-30', 836.00, 6),
  (7, '2024-12-06', 1368.00, 7),
  (8, '2024-09-16', 1060.00, 8),
  (9, '2025-02-28', 960.00, 9),
  (10, '2024-07-27', 2480.00, 10),
  (11, '2024-04-07', 606.00, 11),
  (12, '2024-10-07', 435.00, 12),
  (13, '2024-11-15', 2016.00, 13),
  (14, '2024-03-27', 684.00, 14),
  (15, '2024-05-25', 560.00, 15),
  (16, '2024-09-08', 552.00, 16),
  (17, '2024-12-15', 3570.00, 17),
  (18, '2024-11-22', 1296.00, 18),
  (19, '2024-11-14', 745.00, 19),
  (20, '2024-08-24', 228.00, 20),
  (21, '2025-03-19', 266.00, 21),
  (22, '2024-05-11', 2085.00, 22),
  (23, '2024-01-22', 858.00, 23),
  (24, '2024-05-08', 544.00, 24),
  (25, '2024-11-26', 1782.00, 25),
  (26, '2025-03-04', 3045.00, 26),
  (27, '2025-02-21', 474.00, 27),
  (28, '2025-01-09', 912.00, 28),
  (29, '2024-01-04', 460.00, 29),
  (30, '2024-06-05', 844.00, 30),
  (31, '2024-04-19', 3336.00, 31),
  (32, '2025-02-18', 1224.00, 32),
  (33, '2024-05-27', 872.00, 33),
  (34, '2024-12-20', 472.00, 34),
  (35, '2025-02-17', 1172.00, 35),
  (36, '2025-03-09', 2032.00, 36),
  (37, '2024-11-09', 1128.00, 37),
  (38, '2024-11-09', 936.00, 38),
  (39, '2024-06-21', 2528.00, 39),
  (40, '2024-01-25', 884.00, 40),
  (41, '2024-10-28', 268.00, 41),
  (42, '2024-06-15', 272.00, 42),
  (43, '2024-02-11', 648.00, 43),
  (44, '2024-07-13', 1266.00, 44),
  (45, '2024-06-21', 147.00, 45),
  (46, '2024-09-22', 2288.00, 46),
  (47, '2025-02-22', 2360.00, 47),
  (48, '2024-01-19', 239.00, 48),
  (49, '2025-03-02', 1764.00, 49),
  (50, '2024-08-16', 1600.00, 50),
  (51, '2024-06-15', 2180.00, 51),
  (52, '2024-05-19', 590.00, 52),
  (53, '2025-03-04', 4820.00, 53),
  (54, '2024-06-11', 2184.00, 54),
  (55, '2024-01-18', 1590.00, 55),
  (56, '2024-04-10', 2616.00, 56),
  (57, '2024-12-16', 330.00, 57),
  (58, '2024-09-24', 1304.00, 58),
  (59, '2024-10-25', 680.00, 59),
  (60, '2024-12-17', 488.00, 60),
  (61, '2024-06-12', 249.00, 61),
  (62, '2025-03-20', 424.00, 62),
  (63, '2024-03-30', 880.00, 63),
  (64, '2024-12-09', 548.00, 64),
  (65, '2024-07-07', 876.00, 65),
  (66, '2024-06-21', 576.00, 66),
  (67, '2024-04-12', 2313.00, 67),
  (68, '2024-09-27', 544.00, 68),
  (69, '2024-12-03', 1110.00, 69),
  (70, '2024-03-29', 3376.00, 70),
  (71, '2025-02-08', 945.00, 71),
  (72, '2024-07-07', 262.00, 72),
  (73, '2024-09-24', 3420.00, 73),
  (74, '2024-09-14', 3105.00, 74),
  (75, '2025-02-14', 1864.00, 75),
  (76, '2024-05-26', 348.00, 76),
  (77, '2024-03-04', 924.00, 77),
  (78, '2024-11-18', 861.00, 78),
  (79, '2024-10-11', 1512.00, 79),
  (80, '2024-04-20', 3090.00, 80),
  (81, '2025-01-22', 1144.00, 81),
  (82, '2024-04-12', 393.00, 82),
  (83, '2024-04-04', 1700.00, 83),
  (84, '2024-05-04', 832.00, 84),
  (85, '2024-10-07', 1495.00, 85),
  (86, '2024-09-08', 3060.00, 86),
  (87, '2024-08-04', 264.00, 87),
  (88, '2024-12-22', 118.00, 88),
  (89, '2024-11-05', 1848.00, 89),
  (90, '2024-08-16', 544.00, 90),
  (91, '2024-11-10', 2096.00, 91),
  (92, '2025-02-05', 274.00, 92),
  (93, '2024-01-26', 2992.00, 93),
  (94, '2025-02-14', 1053.00, 94),
  (95, '2024-10-15', 2680.00, 95),
  (96, '2024-01-24', 4576.00, 96),
  (97, '2024-10-06', 2130.00, 97),
  (98, '2024-08-03', 810.00, 98),
  (99, '2025-02-15', 1088.00, 99),
  (100, '2024-10-30', 2700.00, 100);
GO

